Category,Rating,SkillName,Description,SkillAuthor,Reviews,Quote2,Quote1,CategoryURL,SkillURL
Calendars & Reminders,4.5 out of 5 stars,"
		NYC Alternate Side Parking
	",Tells you if alternate side parking and parking meters is in effect today in New York City.,"
            by Art Kay
        ",3,"
                                            ""Alexa, open Alternate Side Parking""","
                                            ""Alexa, ask Alternate Side Parking if it is in effect today""",https://www.amazon.com/b/ref=s9_acsd_hfnv_hd_bw_bFajuMl_ct_x_ct00_w?_encoding=UTF8&node=14284885011&pf_rd_m=ATVPDKIKX0DER&pf_rd_s=merchandised-search-5&pf_rd_r=VN4TG1FGBYPD3E37P4X5&pf_rd_r=VN4TG1FGBYPD3E37P4X5&pf_rd_t=101&pf_rd_p=09f43a4c-9b53-500f-857f-030eaebbc6cb&pf_rd_p=09f43a4c-9b53-500f-857f-030eaebbc6cb&pf_rd_i=14284882011,https://www.amazon.com/Art-Kay-Alternate-Side-Parking/dp/B06W561ZVN
Calendars & Reminders,3.0 out of 5 stars,"
		Practice Logger
	",PracticeLogger is a simple skill that allows you to keep track of how often you practice your musical instrument. This can also be applied to anything that you want to monitor how often you do. No one will judge your habits!,"
            by LMV
        ",1,"
                                            ""add twenty minutes""","
                                            ""Alexa Ask Practice Logger how am I doing""",https://www.amazon.com/b/ref=s9_acsd_hfnv_hd_bw_bFajuMl_ct_x_ct00_w?_encoding=UTF8&node=14284885011&pf_rd_m=ATVPDKIKX0DER&pf_rd_s=merchandised-search-5&pf_rd_r=VN4TG1FGBYPD3E37P4X5&pf_rd_r=VN4TG1FGBYPD3E37P4X5&pf_rd_t=101&pf_rd_p=09f43a4c-9b53-500f-857f-030eaebbc6cb&pf_rd_p=09f43a4c-9b53-500f-857f-030eaebbc6cb&pf_rd_i=14284882011,https://www.amazon.com/LMV-Practice-Logger/dp/B01LXW91OP
Calendars & Reminders,,"
		Day Counter
	","The skill counts the exact number of days, weeks, months, or years between today and any date in the past or future. Just ask ""how long until 15-Nov"" or ""how many weeks since 1-Jan-2002"".","
            by MidCodeCrisis
        ",,"
                                            ""Alexa, ask Day Counter how many sleeps until Santa""","
                                            ""Alexa, ask Day Counter how long until 10th December""",https://www.amazon.com/b/ref=s9_acsd_hfnv_hd_bw_bFajuMl_ct_x_ct00_w?_encoding=UTF8&node=14284885011&pf_rd_m=ATVPDKIKX0DER&pf_rd_s=merchandised-search-5&pf_rd_r=VN4TG1FGBYPD3E37P4X5&pf_rd_r=VN4TG1FGBYPD3E37P4X5&pf_rd_t=101&pf_rd_p=09f43a4c-9b53-500f-857f-030eaebbc6cb&pf_rd_p=09f43a4c-9b53-500f-857f-030eaebbc6cb&pf_rd_i=14284882011,https://www.amazon.com/MidCodeCrisis-Day-Counter/dp/B07D9M65DH
Calendars & Reminders,,"
		Malaysia Public Holidays
	","Malaysia Public Holidays let's you know upcoming holidays in Malaysia. This covers national and state holidays. For example, you can ask, ""Alexa, ask my public holidays when is the next holiday"", or ""Alexa, ask my public holidays when is the next holiday in November"". You can also ask, ""Alexa, ask my public holidays list out all holidays in March"".","
            by Silverglobe, Inc.
        ",,"
                                            ""Alexa, ask my public holidays when is the next public holiday in June.""","
                                            ""Alexa, ask my public holidays when is the next public holiday.""",https://www.amazon.com/b/ref=s9_acsd_hfnv_hd_bw_bFajuMl_ct_x_ct00_w?_encoding=UTF8&node=14284885011&pf_rd_m=ATVPDKIKX0DER&pf_rd_s=merchandised-search-5&pf_rd_r=VN4TG1FGBYPD3E37P4X5&pf_rd_r=VN4TG1FGBYPD3E37P4X5&pf_rd_t=101&pf_rd_p=09f43a4c-9b53-500f-857f-030eaebbc6cb&pf_rd_p=09f43a4c-9b53-500f-857f-030eaebbc6cb&pf_rd_i=14284882011,https://www.amazon.com/Silverglobe-Inc-Malaysia-Public-Holidays/dp/B078SWZNSP
Calendars & Reminders,1.0 out of 5 stars,"
		Princeton Calendar
	","This skill tells you all academic events and deadlines on a given date for Princeton University starting from September 9th, 2015. Simply ask for events on a date or a period of time such as this month or year.","
            by ZHan
        ",2,"
                                            ""get me events for September 5th, 2018""","
                                            ""Alexa, open Princeton Calendar""",https://www.amazon.com/b/ref=s9_acsd_hfnv_hd_bw_bFajuMl_ct_x_ct00_w?_encoding=UTF8&node=14284885011&pf_rd_m=ATVPDKIKX0DER&pf_rd_s=merchandised-search-5&pf_rd_r=VN4TG1FGBYPD3E37P4X5&pf_rd_r=VN4TG1FGBYPD3E37P4X5&pf_rd_t=101&pf_rd_p=09f43a4c-9b53-500f-857f-030eaebbc6cb&pf_rd_p=09f43a4c-9b53-500f-857f-030eaebbc6cb&pf_rd_i=14284882011,https://www.amazon.com/ZHan-Princeton-Calendar/dp/B073QHQ5DG
Calendars & Reminders,,"
		United Nation Holiday Calendar
	",United Nation Holidays is a skill to help you know about UN holidays and plan your schedule before. ,"
            by Quadrigo
        ",,"
                                            ""Alexa, start United Nation Holiday Calendar""","
                                            ""Alexa, open United Nation Holiday Calendar""",https://www.amazon.com/b/ref=s9_acsd_hfnv_hd_bw_bFajuMl_ct_x_ct00_w?_encoding=UTF8&node=14284885011&pf_rd_m=ATVPDKIKX0DER&pf_rd_s=merchandised-search-5&pf_rd_r=VN4TG1FGBYPD3E37P4X5&pf_rd_r=VN4TG1FGBYPD3E37P4X5&pf_rd_t=101&pf_rd_p=09f43a4c-9b53-500f-857f-030eaebbc6cb&pf_rd_p=09f43a4c-9b53-500f-857f-030eaebbc6cb&pf_rd_i=14284882011,https://www.amazon.com/Quadrigo-United-Nation-Holiday-Calendar/dp/B07FZXH47H
Calendars & Reminders,1.8 out of 5 stars,"
		Bin reminder
	",*NEW* Version Update 2.1! (See below),"
            by shane
        ",4,"
                                            ""Alexa, ask Bin Reminder to reset""","
                                            ""Alexa, open Bin Reminder""",https://www.amazon.com/b/ref=s9_acsd_hfnv_hd_bw_bFajuMl_ct_x_ct00_w?_encoding=UTF8&node=14284885011&pf_rd_m=ATVPDKIKX0DER&pf_rd_s=merchandised-search-5&pf_rd_r=VN4TG1FGBYPD3E37P4X5&pf_rd_r=VN4TG1FGBYPD3E37P4X5&pf_rd_t=101&pf_rd_p=09f43a4c-9b53-500f-857f-030eaebbc6cb&pf_rd_p=09f43a4c-9b53-500f-857f-030eaebbc6cb&pf_rd_i=14284882011,https://www.amazon.com/shane-Bin-reminder/dp/B01N3C6CJ2
Calendars & Reminders,5.0 out of 5 stars,"
		St. Patrick's Day Countdown
	","Tells the number of days until St. Patrick's Day. Just ask, ""Alexa, open St. Patrick's Day Countdown.""","
            by Tapgods
        ",1,,"
                                            ""Alexa, open St. Patrick's Day Countdown""",https://www.amazon.com/b/ref=s9_acsd_hfnv_hd_bw_bFajuMl_ct_x_ct00_w?_encoding=UTF8&node=14284885011&pf_rd_m=ATVPDKIKX0DER&pf_rd_s=merchandised-search-5&pf_rd_r=VN4TG1FGBYPD3E37P4X5&pf_rd_r=VN4TG1FGBYPD3E37P4X5&pf_rd_t=101&pf_rd_p=09f43a4c-9b53-500f-857f-030eaebbc6cb&pf_rd_p=09f43a4c-9b53-500f-857f-030eaebbc6cb&pf_rd_i=14284882011,https://www.amazon.com/Tapgods-St-Patricks-Day-Countdown/dp/B06VXTWX4N
Calendars & Reminders,,"
		Chinese Zodiac Calendar
	",This skill well well you what the current zodiac animal is for the Chinese calendar. It will also calculate the next occurrence of an animal. You can also give this skill any year and it will tell you which zodiac animal that year is according to the Chinese calendar.,"
            by Baracuda80
        ",,"
                                            ""Alexa, ask Chinese Zodiac Calendar which animal is twenty thirty five""","
                                            ""Alexa, ask Chinese Zodiac Calendar what animal year is it""",https://www.amazon.com/b/ref=s9_acsd_hfnv_hd_bw_bFajuMl_ct_x_ct00_w?_encoding=UTF8&node=14284885011&pf_rd_m=ATVPDKIKX0DER&pf_rd_s=merchandised-search-5&pf_rd_r=VN4TG1FGBYPD3E37P4X5&pf_rd_r=VN4TG1FGBYPD3E37P4X5&pf_rd_t=101&pf_rd_p=09f43a4c-9b53-500f-857f-030eaebbc6cb&pf_rd_p=09f43a4c-9b53-500f-857f-030eaebbc6cb&pf_rd_i=14284882011,https://www.amazon.com/Baracuda80-Chinese-Zodiac-Calendar/dp/B073TN98VD
Calendars & Reminders,,"
		Next Day
	","This skill finds the next occurrence of a given day. E.g. if you want to find on what date is next sunday, you would need to say - ""Hello Alexa, ask next day, when is next sunday"" and it will answer with the date.","
            by RS
        ",,"
                                            ""Alexa, ask next day on what date is next monday""","
                                            ""Alexa, ask next day when is the next monday""",https://www.amazon.com/b/ref=s9_acsd_hfnv_hd_bw_bFajuMl_ct_x_ct00_w?_encoding=UTF8&node=14284885011&pf_rd_m=ATVPDKIKX0DER&pf_rd_s=merchandised-search-5&pf_rd_r=VN4TG1FGBYPD3E37P4X5&pf_rd_r=VN4TG1FGBYPD3E37P4X5&pf_rd_t=101&pf_rd_p=09f43a4c-9b53-500f-857f-030eaebbc6cb&pf_rd_p=09f43a4c-9b53-500f-857f-030eaebbc6cb&pf_rd_i=14284882011,https://www.amazon.com/RS-Next-Day/dp/B073W6R17D
Calendars & Reminders,3.0 out of 5 stars,"
		City of Ottawa Garbage Pickup Schedule
	","UPDATED for English-Canada as of January 26th, 2018! This skill was originally developed for English-US before Alexa was available in Canada and it had problems for people that were using English-Canada as their language. It now works for everyone. Huzah!","
            by Non Local
        ",4,"
                                            ""Alexa, ask Ottawa Garbage when is the next pickup date for 24 Sussex Drive""","
                                            ""Alexa, ask Ottawa Garbage when is the next pickup date""",https://www.amazon.com/b/ref=s9_acsd_hfnv_hd_bw_bFajuMl_ct_x_ct00_w?_encoding=UTF8&node=14284885011&pf_rd_m=ATVPDKIKX0DER&pf_rd_s=merchandised-search-5&pf_rd_r=VN4TG1FGBYPD3E37P4X5&pf_rd_r=VN4TG1FGBYPD3E37P4X5&pf_rd_t=101&pf_rd_p=09f43a4c-9b53-500f-857f-030eaebbc6cb&pf_rd_p=09f43a4c-9b53-500f-857f-030eaebbc6cb&pf_rd_i=14284882011,https://www.amazon.com/City-Ottawa-Garbage-Pickup-Schedule/dp/B073WSH4KH
Calendars & Reminders,,"
		SU Calendar
	",Are you a kind of a student who always misses attending any interesting event you wanted to attend but being lazy to keep track of the event calendar or do you just want to know what's happening at Syracuse University? Just ask Alexa with cuse calendar about the events and get event details that you don't want to miss.,"
            by Nagen
        ",,"
                                            ""Ask Cuse calendar to get me events for today""","
                                            ""Alexa, open Cuse calendar""",https://www.amazon.com/b/ref=s9_acsd_hfnv_hd_bw_bFajuMl_ct_x_ct00_w?_encoding=UTF8&node=14284885011&pf_rd_m=ATVPDKIKX0DER&pf_rd_s=merchandised-search-5&pf_rd_r=VN4TG1FGBYPD3E37P4X5&pf_rd_r=VN4TG1FGBYPD3E37P4X5&pf_rd_t=101&pf_rd_p=09f43a4c-9b53-500f-857f-030eaebbc6cb&pf_rd_p=09f43a4c-9b53-500f-857f-030eaebbc6cb&pf_rd_i=14284882011,https://www.amazon.com/Nagen-SU-Calendar/dp/B07421QLZP
Calendars & Reminders,2.6 out of 5 stars,"
		Lens Tracker
	",Lens Trackers counts the number of days since you last changed contact lenses and lets you know when it's been more than two weeks and you need to change them.,"
            by Matthew Soh
        ",3,"
                                            ""Alexa, tell Lens Tracker I am using a new pair""","
                                            ""Alexa, tell Lens Tracker to reset""",https://www.amazon.com/b/ref=s9_acsd_hfnv_hd_bw_bFajuMl_ct_x_ct00_w?_encoding=UTF8&node=14284885011&pf_rd_m=ATVPDKIKX0DER&pf_rd_s=merchandised-search-5&pf_rd_r=VN4TG1FGBYPD3E37P4X5&pf_rd_r=VN4TG1FGBYPD3E37P4X5&pf_rd_t=101&pf_rd_p=09f43a4c-9b53-500f-857f-030eaebbc6cb&pf_rd_p=09f43a4c-9b53-500f-857f-030eaebbc6cb&pf_rd_i=14284882011,https://www.amazon.com/Matthew-Soh-Lens-Tracker/dp/B07434BN25
Calendars & Reminders,1.0 out of 5 stars,"
		FreeDays
	",The skill allows you to find out the next free day (banking holiday) in a specific Country. You will get both the official name of the next free day and in how many days you need to wait for it.,"
            by Softmil
        ",1,"
                                            ""when is the next bank holiday in Czechia""","
                                            ""Alexa, ask bank holidays for the next free day in Poland""",https://www.amazon.com/b/ref=s9_acsd_hfnv_hd_bw_bFajuMl_ct_x_ct00_w?_encoding=UTF8&node=14284885011&pf_rd_m=ATVPDKIKX0DER&pf_rd_s=merchandised-search-5&pf_rd_r=VN4TG1FGBYPD3E37P4X5&pf_rd_r=VN4TG1FGBYPD3E37P4X5&pf_rd_t=101&pf_rd_p=09f43a4c-9b53-500f-857f-030eaebbc6cb&pf_rd_p=09f43a4c-9b53-500f-857f-030eaebbc6cb&pf_rd_i=14284882011,https://www.amazon.com/Softmil-FreeDays/dp/B01MYV7DST
Calendars & Reminders,5.0 out of 5 stars,"
		Australia Public Holiday Calendar
	",=====Version 1.0======,"
            by shane
        ",1,"
                                            ""Alexa, ask Australia Calendar when is the next public holiday""","
                                            ""Alexa open Australia Calendar""",https://www.amazon.com/b/ref=s9_acsd_hfnv_hd_bw_bFajuMl_ct_x_ct00_w?_encoding=UTF8&node=14284885011&pf_rd_m=ATVPDKIKX0DER&pf_rd_s=merchandised-search-5&pf_rd_r=VN4TG1FGBYPD3E37P4X5&pf_rd_r=VN4TG1FGBYPD3E37P4X5&pf_rd_t=101&pf_rd_p=09f43a4c-9b53-500f-857f-030eaebbc6cb&pf_rd_p=09f43a4c-9b53-500f-857f-030eaebbc6cb&pf_rd_i=14284882011,https://www.amazon.com/shane-Australia-Public-Holiday-Calendar/dp/B01N0MY1B6
Calendars & Reminders,2.5 out of 5 stars,"
		So Near
	",So Near allows you to tell Alexa where you are leaving an item when you might forget where it is.,"
            by LessEverything, Inc.
        ",8,"
                                            ""Alexa, ask So Near where are my car keys""","
                                            ""Alexa, tell So Near I'm leaving my car keys in the kitchen drawers""",https://www.amazon.com/b/ref=s9_acsd_hfnv_hd_bw_bFajuMl_ct_x_ct00_w?_encoding=UTF8&node=14284885011&pf_rd_m=ATVPDKIKX0DER&pf_rd_s=merchandised-search-5&pf_rd_r=VN4TG1FGBYPD3E37P4X5&pf_rd_r=VN4TG1FGBYPD3E37P4X5&pf_rd_t=101&pf_rd_p=09f43a4c-9b53-500f-857f-030eaebbc6cb&pf_rd_p=09f43a4c-9b53-500f-857f-030eaebbc6cb&pf_rd_i=14284882011,https://www.amazon.com/LessEverything-Inc-So-Near/dp/B01NAYSC94
Calendars & Reminders,,"
		Campus Food
	",Allows you to get what food places are open on campus currently and for future time and dates.,"
            by ixchi, llc
        ",,"
                                            ""Alexa, ask Campus Food what's open this evening""","
                                            ""Alexa, ask Campus Food what's open""",https://www.amazon.com/b/ref=s9_acsd_hfnv_hd_bw_bFajuMl_ct_x_ct00_w?_encoding=UTF8&node=14284885011&pf_rd_m=ATVPDKIKX0DER&pf_rd_s=merchandised-search-5&pf_rd_r=VN4TG1FGBYPD3E37P4X5&pf_rd_r=VN4TG1FGBYPD3E37P4X5&pf_rd_t=101&pf_rd_p=09f43a4c-9b53-500f-857f-030eaebbc6cb&pf_rd_p=09f43a4c-9b53-500f-857f-030eaebbc6cb&pf_rd_i=14284882011,https://www.amazon.com/ixchi-llc-Campus-Food/dp/B06W559711
Calendars & Reminders,,"
		Sammamish Library Calendar
	",This skill help to check and search Sammamish WA Library calendar. It allows you to search by date or by keyword for events happening at Sammamish library WA.,"
            by dayie
        ",,"
                                            ""Alexa ask Sammamish library calendar to get me stuff happening July 26 2017""","
                                            ""Alexa open Sammamish library calendar""",https://www.amazon.com/b/ref=s9_acsd_hfnv_hd_bw_bFajuMl_ct_x_ct00_w?_encoding=UTF8&node=14284885011&pf_rd_m=ATVPDKIKX0DER&pf_rd_s=merchandised-search-5&pf_rd_r=VN4TG1FGBYPD3E37P4X5&pf_rd_r=VN4TG1FGBYPD3E37P4X5&pf_rd_t=101&pf_rd_p=09f43a4c-9b53-500f-857f-030eaebbc6cb&pf_rd_p=09f43a4c-9b53-500f-857f-030eaebbc6cb&pf_rd_i=14284882011,https://www.amazon.com/dayie-Sammamish-Library-Calendar/dp/B07439156Q
Calendars & Reminders,,"
		Nerd Day
	","We celebrate our birthdays every year, but why not our 1,000,000,000 seconds? Tell Alexa your birthday, anniversary, or any special day and see what you should celebrate next.","
            by Paul Tarjan
        ",,"
                                            ""Alexa ask nerd day when to celebrate since my birthday is May 2 1984""","
                                            ""Alexa ask nerd day when to celebrate""",https://www.amazon.com/b/ref=s9_acsd_hfnv_hd_bw_bFajuMl_ct_x_ct00_w?_encoding=UTF8&node=14284885011&pf_rd_m=ATVPDKIKX0DER&pf_rd_s=merchandised-search-5&pf_rd_r=VN4TG1FGBYPD3E37P4X5&pf_rd_r=VN4TG1FGBYPD3E37P4X5&pf_rd_t=101&pf_rd_p=09f43a4c-9b53-500f-857f-030eaebbc6cb&pf_rd_p=09f43a4c-9b53-500f-857f-030eaebbc6cb&pf_rd_i=14284882011,https://www.amazon.com/Paul-Tarjan-Nerd-Day/dp/B0745XDJZJ
Calendars & Reminders,,"
		commy
	",Alexa Skill to get the today's or upcoming commemoration days.,"
            by dnltsk
        ",,"
                                            ""Alexa, ask Commy Calendar about the upcoming commemoration days.""","
                                            ""Alexa, ask Commy Calendar about the today's commemoration days.""",https://www.amazon.com/b/ref=s9_acsd_hfnv_hd_bw_bFajuMl_ct_x_ct00_w?_encoding=UTF8&node=14284885011&pf_rd_m=ATVPDKIKX0DER&pf_rd_s=merchandised-search-5&pf_rd_r=VN4TG1FGBYPD3E37P4X5&pf_rd_r=VN4TG1FGBYPD3E37P4X5&pf_rd_t=101&pf_rd_p=09f43a4c-9b53-500f-857f-030eaebbc6cb&pf_rd_p=09f43a4c-9b53-500f-857f-030eaebbc6cb&pf_rd_i=14284882011,https://www.amazon.com/dnltsk-commy/dp/B01MV36VBG
Calendars & Reminders,5.0 out of 5 stars,"
		Kiwi Holidays
	",Tells you if there are scheduled New Zealand public holidays or regional anniversaries using information published by the NZ Government's Department of Internal Affairs. ,"
            by Engendex
        ",1,"
                                            ""What holidays are there next month?""","
                                            ""Alexa ask Kiwi Holidays for the holidays next week""",https://www.amazon.com/b/ref=s9_acsd_hfnv_hd_bw_bFajuMl_ct_x_ct00_w?_encoding=UTF8&node=14284885011&pf_rd_m=ATVPDKIKX0DER&pf_rd_s=merchandised-search-5&pf_rd_r=VN4TG1FGBYPD3E37P4X5&pf_rd_r=VN4TG1FGBYPD3E37P4X5&pf_rd_t=101&pf_rd_p=09f43a4c-9b53-500f-857f-030eaebbc6cb&pf_rd_p=09f43a4c-9b53-500f-857f-030eaebbc6cb&pf_rd_i=14284882011,https://www.amazon.com/Engendex-Kiwi-Holidays/dp/B01NCNHIF1
Calendars & Reminders,1.0 out of 5 stars,"
		Next Holiday
	",You'll hear the next upcoming public holiday for your current location when opening the skill.,"
            by Werner
        ",1,"
                                            ""United Kingdom""","
                                            ""Alexa Open Next Holiday""",https://www.amazon.com/b/ref=s9_acsd_hfnv_hd_bw_bFajuMl_ct_x_ct00_w?_encoding=UTF8&node=14284885011&pf_rd_m=ATVPDKIKX0DER&pf_rd_s=merchandised-search-5&pf_rd_r=VN4TG1FGBYPD3E37P4X5&pf_rd_r=VN4TG1FGBYPD3E37P4X5&pf_rd_t=101&pf_rd_p=09f43a4c-9b53-500f-857f-030eaebbc6cb&pf_rd_p=09f43a4c-9b53-500f-857f-030eaebbc6cb&pf_rd_i=14284882011,https://www.amazon.com/Werner-Next-Holiday/dp/B06VX3X3Q4
Calendars & Reminders,1.0 out of 5 stars,"
		ComicCon Calendar
	","ComicCon Calendar keeps you up to date on upcoming conventions, so that you don't have to risk missing out on a single one!","
            by Ben Freiband
        ",1,"
                                            ""Ask ComicCon Calendar to get me events for September 13th""","
                                            ""Alexa, ask ComicCon Calendar what events are happening on October 31st""",https://www.amazon.com/b/ref=s9_acsd_hfnv_hd_bw_bFajuMl_ct_x_ct00_w?_encoding=UTF8&node=14284885011&pf_rd_m=ATVPDKIKX0DER&pf_rd_s=merchandised-search-5&pf_rd_r=VN4TG1FGBYPD3E37P4X5&pf_rd_r=VN4TG1FGBYPD3E37P4X5&pf_rd_t=101&pf_rd_p=09f43a4c-9b53-500f-857f-030eaebbc6cb&pf_rd_p=09f43a4c-9b53-500f-857f-030eaebbc6cb&pf_rd_i=14284882011,https://www.amazon.com/Ben-Freiband-ComicCon-Calendar/dp/B07453ZG9T
Calendars & Reminders,,"
		BookMarker
	","Bookmarker is a skill to save and retrieve the current page that you have just read. Just tell Alexa to request BookMarker to set the book mark page for the book that you have just read., you are all set. Give it a try.","
            by Mariswaran
        ",,"
                                            ""Alexa Ask Bookmarker to set the bookmark to 97""","
                                            ""Alexa Ask Bookmarker to set the bookmark to 150""",https://www.amazon.com/b/ref=s9_acsd_hfnv_hd_bw_bFajuMl_ct_x_ct00_w?_encoding=UTF8&node=14284885011&pf_rd_m=ATVPDKIKX0DER&pf_rd_s=merchandised-search-5&pf_rd_r=VN4TG1FGBYPD3E37P4X5&pf_rd_r=VN4TG1FGBYPD3E37P4X5&pf_rd_t=101&pf_rd_p=09f43a4c-9b53-500f-857f-030eaebbc6cb&pf_rd_p=09f43a4c-9b53-500f-857f-030eaebbc6cb&pf_rd_i=14284882011,https://www.amazon.com/Mariswaran-BookMarker/dp/B06XT88T7J
Calendars & Reminders,,"
		Quote Maker
	","Quote Maker is a development tool that allows developers to create notifications in real-time, and trigger the sending of SetIndicator directives to all Alexa-enabled devices connected to the associated Amazon account. When you ask Quote Maker to create a notification, a randomly selected quote is added to your notifications queue, and results in your device receiving a directive with instructions to persistently inform the user that a notification is available to be retrieved. ","
            by Amazon AVS
        ",,"
                                            ""Alexa, ask Quote Maker to create a notification.""","
                                            ""Alexa, open Quote Maker.""",https://www.amazon.com/b/ref=s9_acsd_hfnv_hd_bw_bFajuMl_ct_x_ct00_w?_encoding=UTF8&node=14284885011&pf_rd_m=ATVPDKIKX0DER&pf_rd_s=merchandised-search-5&pf_rd_r=VN4TG1FGBYPD3E37P4X5&pf_rd_r=VN4TG1FGBYPD3E37P4X5&pf_rd_t=101&pf_rd_p=09f43a4c-9b53-500f-857f-030eaebbc6cb&pf_rd_p=09f43a4c-9b53-500f-857f-030eaebbc6cb&pf_rd_i=14284882011,https://www.amazon.com/Amazon-AVS-Quote-Maker/dp/B079MN9SNJ
Calendars & Reminders,2.2 out of 5 stars,"
		My Extra Brain
	","Just ask for a quick reminder, and we'll send you a text at the time. This isn't a fancy reminder service with snoozing, repeating reminders, or any of that jazz. Just ask us, and we'll remind you. The skill works by securely storing your phone number and reminders associated with your unique Alexa userId. Then, when it's time for your reminder, we send your reminder to you via SMS. Standard text messaging rates from your carrier apply. Reminders will be sent from the number 37083.","
            by Xander Dumaine
        ",10,"
                                            ""Remind me to feed the dog in 10 minutes.""","
                                            ""Alexa, ask My Extra Brain to Remind Me to wash the car on Saturday.""",https://www.amazon.com/b/ref=s9_acsd_hfnv_hd_bw_bFajuMl_ct_x_ct00_w?_encoding=UTF8&node=14284885011&pf_rd_m=ATVPDKIKX0DER&pf_rd_s=merchandised-search-5&pf_rd_r=VN4TG1FGBYPD3E37P4X5&pf_rd_r=VN4TG1FGBYPD3E37P4X5&pf_rd_t=101&pf_rd_p=09f43a4c-9b53-500f-857f-030eaebbc6cb&pf_rd_p=09f43a4c-9b53-500f-857f-030eaebbc6cb&pf_rd_i=14284882011,https://www.amazon.com/Xander-Dumaine-My-Extra-Brain/dp/B06W5KG3BQ
Calendars & Reminders,3.0 out of 5 stars,"
		Mood Journal
	","With Mood Journal you can track your mood on a daily basis. Each day when you open the journal, simply tell Alexa how you feel, it then plays music based on your mood. Mood journal allows you to create one journal per day. You can tell mood journal how you feel using one word at a time. You can update an existing mood journal from any previous date as well as delete any old journals.","
            by Mandy Chan
        ",9,"
                                            ""what was the entry on August second twenty sixteen""","
                                            ""Alexa, open mood journal and I am happy""",https://www.amazon.com/b/ref=s9_acsd_hfnv_hd_bw_bFajuMl_ct_x_ct00_w?_encoding=UTF8&node=14284885011&pf_rd_m=ATVPDKIKX0DER&pf_rd_s=merchandised-search-5&pf_rd_r=VN4TG1FGBYPD3E37P4X5&pf_rd_r=VN4TG1FGBYPD3E37P4X5&pf_rd_t=101&pf_rd_p=09f43a4c-9b53-500f-857f-030eaebbc6cb&pf_rd_p=09f43a4c-9b53-500f-857f-030eaebbc6cb&pf_rd_i=14284882011,https://www.amazon.com/Mandy-Chan-Mood-Journal/dp/B01KHA3H7A
Calendars & Reminders,2.3 out of 5 stars,"
		Holiday Freak
	","The Holiday Freak skill tells you what National Holidays are being celebrated for the current day. Every day, there is at least one reason for all to celebrate. If you don't currently have a special occasion today, use the Holiday Freak skill to get one (or many!).","
            by Kyleap, LLC
        ",9,"
                                            ""Alexa, ask Holiday Freak for today's holiday celebrations""","
                                            ""Alexa, ask Holiday Freak to give me today's holidays""",https://www.amazon.com/b/ref=s9_acsd_hfnv_hd_bw_bFajuMl_ct_x_ct00_w?_encoding=UTF8&node=14284885011&pf_rd_m=ATVPDKIKX0DER&pf_rd_s=merchandised-search-5&pf_rd_r=VN4TG1FGBYPD3E37P4X5&pf_rd_r=VN4TG1FGBYPD3E37P4X5&pf_rd_t=101&pf_rd_p=09f43a4c-9b53-500f-857f-030eaebbc6cb&pf_rd_p=09f43a4c-9b53-500f-857f-030eaebbc6cb&pf_rd_i=14284882011,https://www.amazon.com/Kyleap-LLC-Holiday-Freak/dp/B01GLRZRLM
Calendars & Reminders,2.8 out of 5 stars,"
		Recycling Reminder
	","Never have to judge if it's your recycling week by looking down the street. Configure Recycling Reminder to remember your biweekly pickup week by saying, ""Alexa, ask Recycling Reminder to remember my recycling week as"" followed by ""this week"" or ""next week"". To use Recycling Reminder, ask Alexa to ""ask Recycling Reminder if pickup is this week"" to have a quick reminder or simply, ""open Recycling Reminder"".","
            by Casey Loren Billman
        ",20,"
                                            ""Alexa, ask recycling reminder when my recycling is picked up""","
                                            ""Alexa, ask recycling reminder to remember my recycling week as this week""",https://www.amazon.com/b/ref=s9_acsd_hfnv_hd_bw_bFajuMl_ct_x_ct00_w?_encoding=UTF8&node=14284885011&pf_rd_m=ATVPDKIKX0DER&pf_rd_s=merchandised-search-5&pf_rd_r=VN4TG1FGBYPD3E37P4X5&pf_rd_r=VN4TG1FGBYPD3E37P4X5&pf_rd_t=101&pf_rd_p=09f43a4c-9b53-500f-857f-030eaebbc6cb&pf_rd_p=09f43a4c-9b53-500f-857f-030eaebbc6cb&pf_rd_i=14284882011,https://www.amazon.com/Casey-Loren-Billman-Recycling-Reminder/dp/B01HPJ6M4G
Calendars & Reminders,1.0 out of 5 stars,"
		Swahili
	",This version: User can ask Alexa for day of week and get a response in Swahili language.,"
            by Andrew de Silva
        ",1,"
                                            ""Alexa Ask Swahili Speaker what is day of the week""","
                                            ""Alexa Open Swahili Speaker""",https://www.amazon.com/b/ref=s9_acsd_hfnv_hd_bw_bFajuMl_ct_x_ct00_w?_encoding=UTF8&node=14284885011&pf_rd_m=ATVPDKIKX0DER&pf_rd_s=merchandised-search-5&pf_rd_r=VN4TG1FGBYPD3E37P4X5&pf_rd_r=VN4TG1FGBYPD3E37P4X5&pf_rd_t=101&pf_rd_p=09f43a4c-9b53-500f-857f-030eaebbc6cb&pf_rd_p=09f43a4c-9b53-500f-857f-030eaebbc6cb&pf_rd_i=14284882011,https://www.amazon.com/Andrew-de-Silva-Swahili/dp/B01MRRZSI2
Calendars & Reminders,2.7 out of 5 stars,"
		Leap year
	","With the Alexa Leap Year skill you can quickly find out if this year, or next year, or any year you give Alexa is a leap year. Never be wrong about this again with the Leap Year skill.","
            by Remon
        ",3,"
                                            ""Alexa, ask leap year about 2017""","
                                            ""Alexa, open leap year""",https://www.amazon.com/b/ref=s9_acsd_hfnv_hd_bw_bFajuMl_ct_x_ct00_w?_encoding=UTF8&node=14284885011&pf_rd_m=ATVPDKIKX0DER&pf_rd_s=merchandised-search-5&pf_rd_r=VN4TG1FGBYPD3E37P4X5&pf_rd_r=VN4TG1FGBYPD3E37P4X5&pf_rd_t=101&pf_rd_p=09f43a4c-9b53-500f-857f-030eaebbc6cb&pf_rd_p=09f43a4c-9b53-500f-857f-030eaebbc6cb&pf_rd_i=14284882011,https://www.amazon.com/Remon-Leap-year/dp/B01M07CSU8
Calendars & Reminders,2.7 out of 5 stars,"
		Day of the year skill
	",Ask alexa and she will tell you current day of the year.,"
            by ryfeus
        ",3,"
                                            ""what is day of the year""","
                                            ""Alexa ask day calendar to get day of the year""",https://www.amazon.com/b/ref=s9_acsd_hfnv_hd_bw_bFajuMl_ct_x_ct00_w?_encoding=UTF8&node=14284885011&pf_rd_m=ATVPDKIKX0DER&pf_rd_s=merchandised-search-5&pf_rd_r=VN4TG1FGBYPD3E37P4X5&pf_rd_r=VN4TG1FGBYPD3E37P4X5&pf_rd_t=101&pf_rd_p=09f43a4c-9b53-500f-857f-030eaebbc6cb&pf_rd_p=09f43a4c-9b53-500f-857f-030eaebbc6cb&pf_rd_i=14284882011,https://www.amazon.com/Day-of-the-year-skill/dp/B01LXFJVZ2
Calendars & Reminders,3.0 out of 5 stars,"
		Carpool Helper
	","This Alexa Skill can keep track of the days that you drive for your carpool and remind you in the mornings. Currently, it works with carpools based on days of the week (i.e. One person drives on certain days, and other drives on other days). The first time, the app will guide you through the setup process, then you can ask it if you are driving the carpool today, or if you are driving on a certain day (for example ""Am I driving carpool tomorrow?"" or ""Am I driving carpool on August 10th?""","
            by as
        ",1,"
                                            ""What days do I drive carpool?""","
                                            ""Alexa, ask Carpool Helper, am I driving carpool today?""",https://www.amazon.com/b/ref=s9_acsd_hfnv_hd_bw_bFajuMl_ct_x_ct00_w?_encoding=UTF8&node=14284885011&pf_rd_m=ATVPDKIKX0DER&pf_rd_s=merchandised-search-5&pf_rd_r=VN4TG1FGBYPD3E37P4X5&pf_rd_r=VN4TG1FGBYPD3E37P4X5&pf_rd_t=101&pf_rd_p=09f43a4c-9b53-500f-857f-030eaebbc6cb&pf_rd_p=09f43a4c-9b53-500f-857f-030eaebbc6cb&pf_rd_i=14284882011,https://www.amazon.com/as-Carpool-Helper/dp/B01JPIPSXG
Calendars & Reminders,,"
		week number
	",Find the week number for any date in the past and the future.,"
            by SpeedyMarks
        ",,"
                                            ""what's the week number of today""","
                                            ""Alexa start week number""",https://www.amazon.com/b/ref=s9_acsd_hfnv_hd_bw_bFajuMl_ct_x_ct00_w?_encoding=UTF8&node=14284885011&pf_rd_m=ATVPDKIKX0DER&pf_rd_s=merchandised-search-5&pf_rd_r=VN4TG1FGBYPD3E37P4X5&pf_rd_r=VN4TG1FGBYPD3E37P4X5&pf_rd_t=101&pf_rd_p=09f43a4c-9b53-500f-857f-030eaebbc6cb&pf_rd_p=09f43a4c-9b53-500f-857f-030eaebbc6cb&pf_rd_i=14284882011,https://www.amazon.com/SpeedyMarks-week-number/dp/B06XGKTYSP
Calendars & Reminders,4.0 out of 5 stars,"
		LunarDate
	",This skill is to convert the Gregorian date to Chinese Lunar date,"
            by Pi Ke
        ",1,"
                                            ""lunar date today""","
                                            ""Alexa, open lunar date""",https://www.amazon.com/b/ref=s9_acsd_hfnv_hd_bw_bFajuMl_ct_x_ct00_w?_encoding=UTF8&node=14284885011&pf_rd_m=ATVPDKIKX0DER&pf_rd_s=merchandised-search-5&pf_rd_r=VN4TG1FGBYPD3E37P4X5&pf_rd_r=VN4TG1FGBYPD3E37P4X5&pf_rd_t=101&pf_rd_p=09f43a4c-9b53-500f-857f-030eaebbc6cb&pf_rd_p=09f43a4c-9b53-500f-857f-030eaebbc6cb&pf_rd_i=14284882011,https://www.amazon.com/Pi-Ke-LunarDate/dp/B06ZZ8ZVGS
Calendars & Reminders,,"
		Celestial Attic
	",Celestial Attic's flash briefing will always give you the days geekiest events for Cleveland as well as interviews and geeky news. It is your best way to stay,"
            by Celestial Attic, LLc
        ",,"
                                            ""Alexa, what's in the news?""","
                                            ""Alexa, what's my Flash Briefing?""",https://www.amazon.com/b/ref=s9_acsd_hfnv_hd_bw_bFajuMl_ct_x_ct00_w?_encoding=UTF8&node=14284885011&pf_rd_m=ATVPDKIKX0DER&pf_rd_s=merchandised-search-5&pf_rd_r=VN4TG1FGBYPD3E37P4X5&pf_rd_r=VN4TG1FGBYPD3E37P4X5&pf_rd_t=101&pf_rd_p=09f43a4c-9b53-500f-857f-030eaebbc6cb&pf_rd_p=09f43a4c-9b53-500f-857f-030eaebbc6cb&pf_rd_i=14284882011,https://www.amazon.com/Celestial-Attic-LLc/dp/B07CJDZKBV
Calendars & Reminders,,"
		E-mail Note
	","With this skill, you can have a spoken note sent to any e-mail address.","
            by Profectus Webdesign
        ",,"
                                            ""Tomorrow at 5 pm the plumber arrives""","
                                            ""Alexa, start email note""",https://www.amazon.com/b/ref=s9_acsd_hfnv_hd_bw_bFajuMl_ct_x_ct00_w?_encoding=UTF8&node=14284885011&pf_rd_m=ATVPDKIKX0DER&pf_rd_s=merchandised-search-5&pf_rd_r=VN4TG1FGBYPD3E37P4X5&pf_rd_r=VN4TG1FGBYPD3E37P4X5&pf_rd_t=101&pf_rd_p=09f43a4c-9b53-500f-857f-030eaebbc6cb&pf_rd_p=09f43a4c-9b53-500f-857f-030eaebbc6cb&pf_rd_i=14284882011,https://www.amazon.com/Profectus-Webdesign-E-mail-Note/dp/B07H9ZHH89
Calendars & Reminders,,"
		Vaisnava Calender
	",ISKON based vaisnava calendar. Provides Dates and times for Vaisnava festivals.,"
            by rajur
        ",,"
                                            ""Alexa, Open Vaisnava calender""","
                                            ""Alexa, Launch Vaisnava calender""",https://www.amazon.com/b/ref=s9_acsd_hfnv_hd_bw_bFajuMl_ct_x_ct00_w?_encoding=UTF8&node=14284885011&pf_rd_m=ATVPDKIKX0DER&pf_rd_s=merchandised-search-5&pf_rd_r=VN4TG1FGBYPD3E37P4X5&pf_rd_r=VN4TG1FGBYPD3E37P4X5&pf_rd_t=101&pf_rd_p=09f43a4c-9b53-500f-857f-030eaebbc6cb&pf_rd_p=09f43a4c-9b53-500f-857f-030eaebbc6cb&pf_rd_i=14284882011,https://www.amazon.com/rajur-Vaisnava-Calender/dp/B0744GCW8D
Calendars & Reminders,1.0 out of 5 stars,"
		Voice Vault
	",Voice Vault will store up to 10 phrases for you. ,"
            by Darvins Lab LLC
        ",2,"
                                            ""Alexa ask Voice Vault to add the alarm code is 6, 1, 8, 5.""","
                                            ""Alexa open Voice Vault""",https://www.amazon.com/b/ref=s9_acsd_hfnv_hd_bw_bFajuMl_ct_x_ct00_w?_encoding=UTF8&node=14284885011&pf_rd_m=ATVPDKIKX0DER&pf_rd_s=merchandised-search-5&pf_rd_r=VN4TG1FGBYPD3E37P4X5&pf_rd_r=VN4TG1FGBYPD3E37P4X5&pf_rd_t=101&pf_rd_p=09f43a4c-9b53-500f-857f-030eaebbc6cb&pf_rd_p=09f43a4c-9b53-500f-857f-030eaebbc6cb&pf_rd_i=14284882011,https://www.amazon.com/Darvins-Lab-LLC-Voice-Vault/dp/B071NLG8G1
Calendars & Reminders,,"
		Iowa City Events
	","Do you want to know what events are going on in Iowa City and the University of Iowa? Well now you can with Alexa! This Flash Briefing skill collects events from various sources. To get started, go to the Flash Briefing settings and choose what events types and sources you are interested in.","
            by Ryan Wedoff
        ",,"
                                            ""Alexa, what's in the news?""","
                                            ""Alexa, what's my Flash Briefing?""",https://www.amazon.com/b/ref=s9_acsd_hfnv_hd_bw_bFajuMl_ct_x_ct00_w?_encoding=UTF8&node=14284885011&pf_rd_m=ATVPDKIKX0DER&pf_rd_s=merchandised-search-5&pf_rd_r=VN4TG1FGBYPD3E37P4X5&pf_rd_r=VN4TG1FGBYPD3E37P4X5&pf_rd_t=101&pf_rd_p=09f43a4c-9b53-500f-857f-030eaebbc6cb&pf_rd_p=09f43a4c-9b53-500f-857f-030eaebbc6cb&pf_rd_i=14284882011,https://www.amazon.com/Ryan-Wedoff-Iowa-City-Events/dp/B07BLJ9XJK
Calendars & Reminders,,"
		Klahanie Calendar
	","This skill helps to check and search Klahanie Community Events. Klahanie is a Community located in Sammamish, WA. There are quite a few events organized by Klahanie HOA and this skill helps you to easily access the events calendar. Icon is Calendar by iconsphere from the Noun Project. Thanks","
            by Yihong Su
        ",,"
                                            ""Alexa ask Klahanie Calendar to get me stuff happening August 19 2017""","
                                            ""Alexa open Klahanie Calendar""",https://www.amazon.com/b/ref=s9_acsd_hfnv_hd_bw_bFajuMl_ct_x_ct00_w?_encoding=UTF8&node=14284885011&pf_rd_m=ATVPDKIKX0DER&pf_rd_s=merchandised-search-5&pf_rd_r=VN4TG1FGBYPD3E37P4X5&pf_rd_r=VN4TG1FGBYPD3E37P4X5&pf_rd_t=101&pf_rd_p=09f43a4c-9b53-500f-857f-030eaebbc6cb&pf_rd_p=09f43a4c-9b53-500f-857f-030eaebbc6cb&pf_rd_i=14284882011,https://www.amazon.com/Yihong-Su-Klahanie-Calendar/dp/B073Y8KWL1
Calendars & Reminders,4.0 out of 5 stars,"
		Holidays Calendar
	",-This is a very simple and interesting Holidays Calendar.,"
            by Ashutosh Maurya
        ",3,"
                                            ""Two thousand seventeen""","
                                            ""Alexa launch Holidays Calendar""",https://www.amazon.com/b/ref=s9_acsd_hfnv_hd_bw_bFajuMl_ct_x_ct00_w?_encoding=UTF8&node=14284885011&pf_rd_m=ATVPDKIKX0DER&pf_rd_s=merchandised-search-5&pf_rd_r=VN4TG1FGBYPD3E37P4X5&pf_rd_r=VN4TG1FGBYPD3E37P4X5&pf_rd_t=101&pf_rd_p=09f43a4c-9b53-500f-857f-030eaebbc6cb&pf_rd_p=09f43a4c-9b53-500f-857f-030eaebbc6cb&pf_rd_i=14284882011,https://www.amazon.com/Ashutosh-Maurya-Holidays-Calendar/dp/B0762LW6C8
Calendars & Reminders,3.1 out of 5 stars,"
		Retirement Countdown
	","Tech-savvy members of the workforce may not have a whiteboard with the number of days left, but they are probably curious enough about when their last day of work is coming up. Retirement Countdown is an Amazon Alexa skill built to help these soon-to-be-retirees know simply by asking. Retirement Countdown will record the last day of work and then give the time left until freedom.","
            by notpace
        ",10,"
                                            ""Alexa, ask Retirement Countdown how many days I have left""","
                                            ""Alexa, open Retirement Countdown""",https://www.amazon.com/b/ref=s9_acsd_hfnv_hd_bw_bFajuMl_ct_x_ct00_w?_encoding=UTF8&node=14284885011&pf_rd_m=ATVPDKIKX0DER&pf_rd_s=merchandised-search-5&pf_rd_r=VN4TG1FGBYPD3E37P4X5&pf_rd_r=VN4TG1FGBYPD3E37P4X5&pf_rd_t=101&pf_rd_p=09f43a4c-9b53-500f-857f-030eaebbc6cb&pf_rd_p=09f43a4c-9b53-500f-857f-030eaebbc6cb&pf_rd_i=14284882011,https://www.amazon.com/notpace-Retirement-Countdown/dp/B06XP9RC96
Calendars & Reminders,,"
		Dubuque Chorale Calendar
	",This skill provides updated information from the web for the Dubuque Chorale's schedule of concerts and rehearsals. Information is gathered through their online live calendar and will be sent to your Alexa app upon request.,"
            by Version Coin LLC
        ",,"
                                            ""what concerts are happening on August 24th?""","
                                            ""Alexa open Chorale Calendar""",https://www.amazon.com/b/ref=s9_acsd_hfnv_hd_bw_bFajuMl_ct_x_ct00_w?_encoding=UTF8&node=14284885011&pf_rd_m=ATVPDKIKX0DER&pf_rd_s=merchandised-search-5&pf_rd_r=VN4TG1FGBYPD3E37P4X5&pf_rd_r=VN4TG1FGBYPD3E37P4X5&pf_rd_t=101&pf_rd_p=09f43a4c-9b53-500f-857f-030eaebbc6cb&pf_rd_p=09f43a4c-9b53-500f-857f-030eaebbc6cb&pf_rd_i=14284882011,https://www.amazon.com/Version-Coin-LLC-Dubuque-Calendar/dp/B073NQW43L
Calendars & Reminders,,"
		Giants Calendar
	",A simple calendar that tracks the next and last SF Giants games.,"
            by onejli
        ",,"
                                            ""Alexa, ask Giants Calendar for next home game""","
                                            ""Alexa, open Giants Calendar""",https://www.amazon.com/b/ref=s9_acsd_hfnv_hd_bw_bFajuMl_ct_x_ct00_w?_encoding=UTF8&node=14284885011&pf_rd_m=ATVPDKIKX0DER&pf_rd_s=merchandised-search-5&pf_rd_r=VN4TG1FGBYPD3E37P4X5&pf_rd_r=VN4TG1FGBYPD3E37P4X5&pf_rd_t=101&pf_rd_p=09f43a4c-9b53-500f-857f-030eaebbc6cb&pf_rd_p=09f43a4c-9b53-500f-857f-030eaebbc6cb&pf_rd_i=14284882011,https://www.amazon.com/onejli-Giants-Calendar/dp/B073NT4NBR
Calendars & Reminders,,"
		Boulder Time
	","This skill will tell you if it is time for a boulder run or not. A boulder run occurs on the first snowfall. Hopefully it isn't, or maybe hopefully it is. We will just have to see.","
            by Like a Wave
        ",,"
                                            ""Alexa, start Boulder Time""","
                                            ""Alexa, Open Boulder Time""",https://www.amazon.com/b/ref=s9_acsd_hfnv_hd_bw_bFajuMl_ct_x_ct00_w?_encoding=UTF8&node=14284885011&pf_rd_m=ATVPDKIKX0DER&pf_rd_s=merchandised-search-5&pf_rd_r=VN4TG1FGBYPD3E37P4X5&pf_rd_r=VN4TG1FGBYPD3E37P4X5&pf_rd_t=101&pf_rd_p=09f43a4c-9b53-500f-857f-030eaebbc6cb&pf_rd_p=09f43a4c-9b53-500f-857f-030eaebbc6cb&pf_rd_i=14284882011,https://www.amazon.com/Like-a-Wave-Boulder-Time/dp/B074CDWP4N
Calendars & Reminders,4.5 out of 5 stars,"
		What Week Is It
	",This skill tells you the week number of the year for the current day.,"
            by Amit Jotwani
        ",2,"
                                            ""tell me the week number""","
                                            ""Alexa, what week is it""",https://www.amazon.com/b/ref=s9_acsd_hfnv_hd_bw_bFajuMl_ct_x_ct00_w?_encoding=UTF8&node=14284885011&pf_rd_m=ATVPDKIKX0DER&pf_rd_s=merchandised-search-5&pf_rd_r=VN4TG1FGBYPD3E37P4X5&pf_rd_r=VN4TG1FGBYPD3E37P4X5&pf_rd_t=101&pf_rd_p=09f43a4c-9b53-500f-857f-030eaebbc6cb&pf_rd_p=09f43a4c-9b53-500f-857f-030eaebbc6cb&pf_rd_i=14284882011,https://www.amazon.com/Amit-Jotwani-What-Week-Is/dp/B075FGN2YJ
Calendars & Reminders,,"
		When's Dinner
	","The purpose of When's Dinner is to remember what time dinner will be ready. After a dinner time is set, anyone who would like to know what time dinner is can ask. ","
            by Josue Macias
        ",,"
                                            ""Alexa, ask when's dinner what time is dinner.""","
                                            ""Alexa, tell when's dinner set dinner for 7 pm.""",https://www.amazon.com/b/ref=s9_acsd_hfnv_hd_bw_bFajuMl_ct_x_ct00_w?_encoding=UTF8&node=14284885011&pf_rd_m=ATVPDKIKX0DER&pf_rd_s=merchandised-search-5&pf_rd_r=VN4TG1FGBYPD3E37P4X5&pf_rd_r=VN4TG1FGBYPD3E37P4X5&pf_rd_t=101&pf_rd_p=09f43a4c-9b53-500f-857f-030eaebbc6cb&pf_rd_p=09f43a4c-9b53-500f-857f-030eaebbc6cb&pf_rd_i=14284882011,https://www.amazon.com/Josue-Macias-Whens-Dinner/dp/B077R91PW6
Calendars & Reminders,,"
		Hijri
	",The skill provides date in Hijri for today or tomorrow's date.,"
            by MAST77
        ",,"
                                            ""Alexa, open hijri date and tell today's date""","
                                            ""Alexa, ask hijri date for today's date""",https://www.amazon.com/b/ref=s9_acsd_hfnv_hd_bw_bFajuMl_ct_x_ct00_w?_encoding=UTF8&node=14284885011&pf_rd_m=ATVPDKIKX0DER&pf_rd_s=merchandised-search-5&pf_rd_r=VN4TG1FGBYPD3E37P4X5&pf_rd_r=VN4TG1FGBYPD3E37P4X5&pf_rd_t=101&pf_rd_p=09f43a4c-9b53-500f-857f-030eaebbc6cb&pf_rd_p=09f43a4c-9b53-500f-857f-030eaebbc6cb&pf_rd_i=14284882011,https://www.amazon.com/MAST77-Hijri/dp/B078PZMDWR
Calendars & Reminders,,"
		UCSD PDS Calendar
	","This skill lets you access the calendar for the UCSD Pre-Dental Society! Come join us for fun, academic support, and awesome clinic opportunities.","
            by MX Apps
        ",,"
                                            ""get me events for August 7th""","
                                            ""Alexa, open p. d. s. calendar""",https://www.amazon.com/b/ref=s9_acsd_hfnv_hd_bw_bFajuMl_ct_x_ct00_w?_encoding=UTF8&node=14284885011&pf_rd_m=ATVPDKIKX0DER&pf_rd_s=merchandised-search-5&pf_rd_r=VN4TG1FGBYPD3E37P4X5&pf_rd_r=VN4TG1FGBYPD3E37P4X5&pf_rd_t=101&pf_rd_p=09f43a4c-9b53-500f-857f-030eaebbc6cb&pf_rd_p=09f43a4c-9b53-500f-857f-030eaebbc6cb&pf_rd_i=14284882011,https://www.amazon.com/MX-Apps-UCSD-PDS-Calendar/dp/B0749ZY83Z
Calendars & Reminders,2.4 out of 5 stars,"
		Assist Reminder
	","Assist Reminder will help you remember where you have put any of your items. You can do this by telling Alexa to remember where you have put certain things. Then you can tell Alexa to remind you where you have put these things. For example, you could say, ""Alexa, tell Assist Reminder I put my wallet on desk "". After which you can say ""Alexa, ask Assist Reminder where is my wallet"" and Alexa will tell you your wallet is on your desk. This is helpful for when you can not find your things, such as your badge, laptop, headphones, etc.","
            by E&V Corp
        ",4,"
                                            ""Alexa, ask Assist Reminder to list all""","
                                            ""Alexa, tell Assist Reminder I put my wallet in the desk.""",https://www.amazon.com/b/ref=s9_acsd_hfnv_hd_bw_bFajuMl_ct_x_ct00_w?_encoding=UTF8&node=14284885011&pf_rd_m=ATVPDKIKX0DER&pf_rd_s=merchandised-search-5&pf_rd_r=VN4TG1FGBYPD3E37P4X5&pf_rd_r=VN4TG1FGBYPD3E37P4X5&pf_rd_t=101&pf_rd_p=09f43a4c-9b53-500f-857f-030eaebbc6cb&pf_rd_p=09f43a4c-9b53-500f-857f-030eaebbc6cb&pf_rd_i=14284882011,https://www.amazon.com/E-V-Corp-Assist-Reminder/dp/B075DDQ2JL
Calendars & Reminders,4.0 out of 5 stars,"
		School Kit
	","School Kit lets you keep track of the stuff your kids need for school. Use ""Alexa, ask School Kit to add kit for Tuesday"" and you'll be prompted for which item of kit you want to add and who it is for. Alternatively, use ""Alexa, open School Kit. Add Games Kit for Thomas for Tuesday"". You can add as many items you like for as many children as you have. ","
            by No Way
        ",1,"
                                            ""Add games kit for Thomas for Tuesday""","
                                            ""Alexa, open School Kit""",https://www.amazon.com/b/ref=s9_acsd_hfnv_hd_bw_bFajuMl_ct_x_ct00_w?_encoding=UTF8&node=14284885011&pf_rd_m=ATVPDKIKX0DER&pf_rd_s=merchandised-search-5&pf_rd_r=VN4TG1FGBYPD3E37P4X5&pf_rd_r=VN4TG1FGBYPD3E37P4X5&pf_rd_t=101&pf_rd_p=09f43a4c-9b53-500f-857f-030eaebbc6cb&pf_rd_p=09f43a4c-9b53-500f-857f-030eaebbc6cb&pf_rd_i=14284882011,https://www.amazon.com/No-Way-School-Kit/dp/B076BZR63F
Calendars & Reminders,5.0 out of 5 stars,"
		Snowcone
	","Need a reminder to tune in to the weekly Alexa Developer Office Hours? Well, now we can help you with that.","
            by 3PO Labs
        ",2,"
                                            ""enable notifications for office hours""","
                                            ""Alexa, launch snow cone""",https://www.amazon.com/b/ref=s9_acsd_hfnv_hd_bw_bFajuMl_ct_x_ct00_w?_encoding=UTF8&node=14284885011&pf_rd_m=ATVPDKIKX0DER&pf_rd_s=merchandised-search-5&pf_rd_r=VN4TG1FGBYPD3E37P4X5&pf_rd_r=VN4TG1FGBYPD3E37P4X5&pf_rd_t=101&pf_rd_p=09f43a4c-9b53-500f-857f-030eaebbc6cb&pf_rd_p=09f43a4c-9b53-500f-857f-030eaebbc6cb&pf_rd_i=14284882011,https://www.amazon.com/3PO-Labs-Snowcone/dp/B072TZ34WJ
Calendars & Reminders,2.9 out of 5 stars,"
		Location Reminder
	","This skill is designed to help you remember where you put your stuff. You can tell it where your stuff is and after you inevitably forget it, you can just ask Alexa. Unfortunately this is setup for a pretty strict input structure. For making an entry say something like ""My/The/... stuff is/are in/at/under/... location"", and for getting reminded the command structure is ""where is/are my/the/... stuff"". You can also delete entries. I hope this skill helps somebody.","
            by Leon Schmidl
        ",10,"
                                            ""Alexa, tell Location Reminder my keys are in the drawer""","
                                            ""Alexa, Open Location Reminder""",https://www.amazon.com/b/ref=s9_acsd_hfnv_hd_bw_bFajuMl_ct_x_ct00_w?_encoding=UTF8&node=14284885011&pf_rd_m=ATVPDKIKX0DER&pf_rd_s=merchandised-search-5&pf_rd_r=VN4TG1FGBYPD3E37P4X5&pf_rd_r=VN4TG1FGBYPD3E37P4X5&pf_rd_t=101&pf_rd_p=09f43a4c-9b53-500f-857f-030eaebbc6cb&pf_rd_p=09f43a4c-9b53-500f-857f-030eaebbc6cb&pf_rd_i=14284882011,https://www.amazon.com/Leon-Schmidl-Location-Reminder/dp/B06XY9DVZG
Calendars & Reminders,3.5 out of 5 stars,"
		jewish-holiday-today
	","Answers whether or not today is a Jewish holiday, speaking the name of the holiday if it is.","
            by Kurt Carpenter
        ",2,"
                                            ""Alexa, use Hebrew Calendar to tell me if it is a holiday""","
                                            ""Alexa, ask Hebrew Calendar if today is a holiday""",https://www.amazon.com/b/ref=s9_acsd_hfnv_hd_bw_bFajuMl_ct_x_ct00_w?_encoding=UTF8&node=14284885011&pf_rd_m=ATVPDKIKX0DER&pf_rd_s=merchandised-search-5&pf_rd_r=VN4TG1FGBYPD3E37P4X5&pf_rd_r=VN4TG1FGBYPD3E37P4X5&pf_rd_t=101&pf_rd_p=09f43a4c-9b53-500f-857f-030eaebbc6cb&pf_rd_p=09f43a4c-9b53-500f-857f-030eaebbc6cb&pf_rd_i=14284882011,https://www.amazon.com/Kurt-Carpenter-jewish-holiday-today/dp/B01MSBZNHO
Calendars & Reminders,5.0 out of 5 stars,"
		Park Creek Activities
	","Stay connected and in touch with local community events at Park Creek! With just a simple ask of Alexa, she will be able to tell you all of our daily activities and much more! Need to hear it more than once? It's okay, just ask Alexa again, she doesn't mind!","
            by CT Home
        ",1,"
                                            ""Alexa, start park creek activities""","
                                            ""Alexa, open park creek activities""",https://www.amazon.com/b/ref=s9_acsd_hfnv_hd_bw_bFajuMl_ct_x_ct00_w?_encoding=UTF8&node=14284885011&pf_rd_m=ATVPDKIKX0DER&pf_rd_s=merchandised-search-5&pf_rd_r=VN4TG1FGBYPD3E37P4X5&pf_rd_r=VN4TG1FGBYPD3E37P4X5&pf_rd_t=101&pf_rd_p=09f43a4c-9b53-500f-857f-030eaebbc6cb&pf_rd_p=09f43a4c-9b53-500f-857f-030eaebbc6cb&pf_rd_i=14284882011,https://www.amazon.com/CT-Home-Park-Creek-Activities/dp/B07CZNSQQF
Calendars & Reminders,,"
		Alternate Side Parking Flash Briefing
	",Get New York City's Alternate Side Parking status as part of your flash briefing.,"
            by Kevin Merritt
        ",,"
                                            ""Alexa, what's in the news?""","
                                            ""Alexa, what's my Flash Briefing?""",https://www.amazon.com/b/ref=s9_acsd_hfnv_hd_bw_bFajuMl_ct_x_ct00_w?_encoding=UTF8&node=14284885011&pf_rd_m=ATVPDKIKX0DER&pf_rd_s=merchandised-search-5&pf_rd_r=VN4TG1FGBYPD3E37P4X5&pf_rd_r=VN4TG1FGBYPD3E37P4X5&pf_rd_t=101&pf_rd_p=09f43a4c-9b53-500f-857f-030eaebbc6cb&pf_rd_p=09f43a4c-9b53-500f-857f-030eaebbc6cb&pf_rd_i=14284882011,https://www.amazon.com/Alternate-Side-Parking-Flash-Briefing/dp/B07C1SPYYN
Calendars & Reminders,,"
		Day Genie
	","Quickly find when is the first monday, weekend or some other day for the next month. You can also ask it to tell you what day of the week is the first of next month","
            by Amandeep Waraich
        ",,"
                                            ""Alexa, ask Day Genie when is the first Saturday of next month""","
                                            ""Alexa, ask Day Genie what is the first day of next month""",https://www.amazon.com/b/ref=s9_acsd_hfnv_hd_bw_bFajuMl_ct_x_ct00_w?_encoding=UTF8&node=14284885011&pf_rd_m=ATVPDKIKX0DER&pf_rd_s=merchandised-search-5&pf_rd_r=VN4TG1FGBYPD3E37P4X5&pf_rd_r=VN4TG1FGBYPD3E37P4X5&pf_rd_t=101&pf_rd_p=09f43a4c-9b53-500f-857f-030eaebbc6cb&pf_rd_p=09f43a4c-9b53-500f-857f-030eaebbc6cb&pf_rd_i=14284882011,https://www.amazon.com/Amandeep-Waraich-Day-Genie/dp/B07B91WYLM
Calendars & Reminders,,"
		Labor Day Countdown
	","Tells the number of days until Labor Day. Just ask, ""Alexa, open Labor Day Countdown.""","
            by Tapgods
        ",,,"
                                            ""Alexa, open Labor Day Countdown""",https://www.amazon.com/b/ref=s9_acsd_hfnv_hd_bw_bFajuMl_ct_x_ct00_w?_encoding=UTF8&node=14284885011&pf_rd_m=ATVPDKIKX0DER&pf_rd_s=merchandised-search-5&pf_rd_r=VN4TG1FGBYPD3E37P4X5&pf_rd_r=VN4TG1FGBYPD3E37P4X5&pf_rd_t=101&pf_rd_p=09f43a4c-9b53-500f-857f-030eaebbc6cb&pf_rd_p=09f43a4c-9b53-500f-857f-030eaebbc6cb&pf_rd_i=14284882011,https://www.amazon.com/Tapgods-Labor-Day-Countdown/dp/B072QKT87R
Calendars & Reminders,,"
		NYC Public Schools
	",Tells you if public schools are in session today in New York City.,"
            by Art Kay
        ",,"
                                            ""Alexa, open public schools""","
                                            ""Alexa, ask public schools what is the status""",https://www.amazon.com/b/ref=s9_acsd_hfnv_hd_bw_bFajuMl_ct_x_ct00_w?_encoding=UTF8&node=14284885011&pf_rd_m=ATVPDKIKX0DER&pf_rd_s=merchandised-search-5&pf_rd_r=VN4TG1FGBYPD3E37P4X5&pf_rd_r=VN4TG1FGBYPD3E37P4X5&pf_rd_t=101&pf_rd_p=09f43a4c-9b53-500f-857f-030eaebbc6cb&pf_rd_p=09f43a4c-9b53-500f-857f-030eaebbc6cb&pf_rd_i=14284882011,https://www.amazon.com/Art-Kay-NYC-Public-Schools/dp/B072N4PJMN
Calendars & Reminders,,"
		Spacecoast Freewheelers Ride Calendar
	","This skill lets you ask for the rides and events from the Spacecoast Freewheelers Cycling Club based in Brevard county, Florida. You no longer have to open the browser and go to the SCFW website to get the latest rides and events. Ask Alexa and get ready to ride!","
            by Carlos Felix
        ",,"
                                            ""Alexa, ask Spacecoast Freewheelers what rides are on next week""","
                                            ""Alexa, ask Spacecoast Freewheelers what rides are on Sunday""",https://www.amazon.com/b/ref=s9_acsd_hfnv_hd_bw_bFajuMl_ct_x_ct00_w?_encoding=UTF8&node=14284885011&pf_rd_m=ATVPDKIKX0DER&pf_rd_s=merchandised-search-5&pf_rd_r=VN4TG1FGBYPD3E37P4X5&pf_rd_r=VN4TG1FGBYPD3E37P4X5&pf_rd_t=101&pf_rd_p=09f43a4c-9b53-500f-857f-030eaebbc6cb&pf_rd_p=09f43a4c-9b53-500f-857f-030eaebbc6cb&pf_rd_i=14284882011,https://www.amazon.com/Carlos-Felix-Spacecoast-Freewheelers-Calendar/dp/B072LB9YSC
Calendars & Reminders,2.2 out of 5 stars,"
		Christmas Countdown
	","Tells the number of days until Christmas. Just ask, ""Alexa, open Christmas Countdown.""","
            by Tapgods
        ",4,,"
                                            ""Alexa, open Christmas Countdown""",https://www.amazon.com/b/ref=s9_acsd_hfnv_hd_bw_bFajuMl_ct_x_ct00_w?_encoding=UTF8&node=14284885011&pf_rd_m=ATVPDKIKX0DER&pf_rd_s=merchandised-search-5&pf_rd_r=VN4TG1FGBYPD3E37P4X5&pf_rd_r=VN4TG1FGBYPD3E37P4X5&pf_rd_t=101&pf_rd_p=09f43a4c-9b53-500f-857f-030eaebbc6cb&pf_rd_p=09f43a4c-9b53-500f-857f-030eaebbc6cb&pf_rd_i=14284882011,https://www.amazon.com/Tapgods-Christmas-Countdown/dp/B071CTSN6J
Calendars & Reminders,,"
		Thanksgiving Countdown
	","Tells the number of days until Thanksgiving. Just ask, ""Alexa, open Thanksgiving Countdown.""","
            by Tapgods
        ",,,"
                                            ""Alexa, open Thanksgiving Countdown""",https://www.amazon.com/b/ref=s9_acsd_hfnv_hd_bw_bFajuMl_ct_x_ct00_w?_encoding=UTF8&node=14284885011&pf_rd_m=ATVPDKIKX0DER&pf_rd_s=merchandised-search-5&pf_rd_r=VN4TG1FGBYPD3E37P4X5&pf_rd_r=VN4TG1FGBYPD3E37P4X5&pf_rd_t=101&pf_rd_p=09f43a4c-9b53-500f-857f-030eaebbc6cb&pf_rd_p=09f43a4c-9b53-500f-857f-030eaebbc6cb&pf_rd_i=14284882011,https://www.amazon.com/Tapgods-Thanksgiving-Countdown/dp/B06XJX5TWX
Calendars & Reminders,,"
		IOU
	","IOU allows users to organize and track the amount of money they are owed to others. IOU can keep track of the roommates in a household, along with the debts they owe each other. Creditors and borrowers can ask questions about their IOUs including owe much they owe each other, what they owe each other for, and can tell the skill to pay off their debts.","
            by Chris Helms
        ",,"
                                            ""Alexa, launch i. o. u.""","
                                            ""Alexa, tell i. o. u. to add Chris""",https://www.amazon.com/b/ref=s9_acsd_hfnv_hd_bw_bFajuMl_ct_x_ct00_w?_encoding=UTF8&node=14284885011&pf_rd_m=ATVPDKIKX0DER&pf_rd_s=merchandised-search-5&pf_rd_r=VN4TG1FGBYPD3E37P4X5&pf_rd_r=VN4TG1FGBYPD3E37P4X5&pf_rd_t=101&pf_rd_p=09f43a4c-9b53-500f-857f-030eaebbc6cb&pf_rd_p=09f43a4c-9b53-500f-857f-030eaebbc6cb&pf_rd_i=14284882011,https://www.amazon.com/Chris-Helms-IOU/dp/B07CR7C6LR
Calendars & Reminders,5.0 out of 5 stars,"
		Japanese Lucky Day Calendar
	","This calendar is based on the Japanese rokuy, which predicts good or bad fortune on any particular day. Ask Alexa a date and she will respond with how lucky (or unlucky) that day is and will give suggestions on what activities to engage or avoid.","
            by In The Digital Sandbox
        ",1,"
                                            ""Is today a lucky day""","
                                            ""Alexa open lucky day calendar""",https://www.amazon.com/b/ref=s9_acsd_hfnv_hd_bw_bFajuMl_ct_x_ct00_w?_encoding=UTF8&node=14284885011&pf_rd_m=ATVPDKIKX0DER&pf_rd_s=merchandised-search-5&pf_rd_r=VN4TG1FGBYPD3E37P4X5&pf_rd_r=VN4TG1FGBYPD3E37P4X5&pf_rd_t=101&pf_rd_p=09f43a4c-9b53-500f-857f-030eaebbc6cb&pf_rd_p=09f43a4c-9b53-500f-857f-030eaebbc6cb&pf_rd_i=14284882011,https://www.amazon.com/In-The-Digital-Sandbox-Japanese/dp/B073YZW3TN
Calendars & Reminders,,"
		What Is the Year Progress?
	","Fight procrastination with ""What Is the Year Progress?. This skill is here to remind you every day how much is left in % till the end of the year.","
            by Jan Antonin Kolar
        ",,"
                                            ""Alexa, what's in the news?""","
                                            ""Alexa, what's my Flash Briefing?""",https://www.amazon.com/b/ref=s9_acsd_hfnv_hd_bw_bFajuMl_ct_x_ct00_w?_encoding=UTF8&node=14284885011&pf_rd_m=ATVPDKIKX0DER&pf_rd_s=merchandised-search-5&pf_rd_r=VN4TG1FGBYPD3E37P4X5&pf_rd_r=VN4TG1FGBYPD3E37P4X5&pf_rd_t=101&pf_rd_p=09f43a4c-9b53-500f-857f-030eaebbc6cb&pf_rd_p=09f43a4c-9b53-500f-857f-030eaebbc6cb&pf_rd_i=14284882011,https://www.amazon.com/What-Is-the-Year-Progress/dp/B07H2ZKZYT
Calendars & Reminders,,"
		SchoolDays
	",A simple skill which determines how many school days are left in the New York City public school system school year.,"
            by Jeff Tapper
        ",,"
                                            ""Alexa, ask n. y. c. schools, When is the last day of school?""","
                                            ""Alexa, ask n. y. c. schools, How many school days left?""",https://www.amazon.com/b/ref=s9_acsd_hfnv_hd_bw_bFajuMl_ct_x_ct00_w?_encoding=UTF8&node=14284885011&pf_rd_m=ATVPDKIKX0DER&pf_rd_s=merchandised-search-5&pf_rd_r=VN4TG1FGBYPD3E37P4X5&pf_rd_r=VN4TG1FGBYPD3E37P4X5&pf_rd_t=101&pf_rd_p=09f43a4c-9b53-500f-857f-030eaebbc6cb&pf_rd_p=09f43a4c-9b53-500f-857f-030eaebbc6cb&pf_rd_i=14284882011,https://www.amazon.com/Jeff-Tapper-SchoolDays/dp/B06XSP2Z5L
Calendars & Reminders,3.9 out of 5 stars,"
		NYC Garbage Collection
	",Tells you if garbage collection is in effect today in New York City.,"
            by Art Kay
        ",2,"
                                            ""Alexa, open Garbage Collection""","
                                            ""Alexa, ask Garbage Collection if it is in effect today""",https://www.amazon.com/b/ref=s9_acsd_hfnv_hd_bw_bFajuMl_ct_x_ct00_w?_encoding=UTF8&node=14284885011&pf_rd_m=ATVPDKIKX0DER&pf_rd_s=merchandised-search-5&pf_rd_r=VN4TG1FGBYPD3E37P4X5&pf_rd_r=VN4TG1FGBYPD3E37P4X5&pf_rd_t=101&pf_rd_p=09f43a4c-9b53-500f-857f-030eaebbc6cb&pf_rd_p=09f43a4c-9b53-500f-857f-030eaebbc6cb&pf_rd_i=14284882011,https://www.amazon.com/Art-Kay-NYC-Garbage-Collection/dp/B06XKZC6R3
Calendars & Reminders,,"
		Indian Cricket Calendar
	","Don't miss a match the Indian team is scheduled to play. Courtesy Cricinfo.com and its up-to-date information, this skill lists every match-a-day India is scheduled to play with other cricketing countries in the world.","
            by ChrisKing
        ",,"
                                            ""Alexa, ask Indian Cricket Calendar whats happening December 15th""","
                                            ""Alexa, ask Indian Cricket Calendar get me matches for September 28th""",https://www.amazon.com/b/ref=s9_acsd_hfnv_hd_bw_bFajuMl_ct_x_ct00_w?_encoding=UTF8&node=14284885011&pf_rd_m=ATVPDKIKX0DER&pf_rd_s=merchandised-search-5&pf_rd_r=VN4TG1FGBYPD3E37P4X5&pf_rd_r=VN4TG1FGBYPD3E37P4X5&pf_rd_t=101&pf_rd_p=09f43a4c-9b53-500f-857f-030eaebbc6cb&pf_rd_p=09f43a4c-9b53-500f-857f-030eaebbc6cb&pf_rd_i=14284882011,https://www.amazon.com/ChrisKing-Indian-Cricket-Calendar/dp/B0747ZRZB1
Calendars & Reminders,,"
		HoneyCo Office
	","A HoneyCo Home can record the duration of home visits, and associate those visits with a person using his/her 10 digit HoneyCo identification number. This skill requires an active HoneyCo account.","
            by HoneyCo
        ",,"
                                            ""Alexa, tell HoneyCo Office to complete my visit""","
                                            ""Alexa, tell HoneyCo Office to start a visit""",https://www.amazon.com/b/ref=s9_acsd_hfnv_hd_bw_bFajuMl_ct_x_ct00_w?_encoding=UTF8&node=14284885011&pf_rd_m=ATVPDKIKX0DER&pf_rd_s=merchandised-search-5&pf_rd_r=VN4TG1FGBYPD3E37P4X5&pf_rd_r=VN4TG1FGBYPD3E37P4X5&pf_rd_t=101&pf_rd_p=09f43a4c-9b53-500f-857f-030eaebbc6cb&pf_rd_p=09f43a4c-9b53-500f-857f-030eaebbc6cb&pf_rd_i=14284882011,https://www.amazon.com/HoneyCo-Office/dp/B077Y7DVPB
Calendars & Reminders,2.3 out of 5 stars,"
		note me (beta)
	","The skill is in beta mode and may have some bugs, you can report bugs and give recommendations for improving the skill. ","
            by Savvy Tech Creations
        ",2,"
                                            ""save I am going to the store tomorrow""","
                                            ""Alexa launch Note me""",https://www.amazon.com/b/ref=s9_acsd_hfnv_hd_bw_bFajuMl_ct_x_ct00_w?_encoding=UTF8&node=14284885011&pf_rd_m=ATVPDKIKX0DER&pf_rd_s=merchandised-search-5&pf_rd_r=VN4TG1FGBYPD3E37P4X5&pf_rd_r=VN4TG1FGBYPD3E37P4X5&pf_rd_t=101&pf_rd_p=09f43a4c-9b53-500f-857f-030eaebbc6cb&pf_rd_p=09f43a4c-9b53-500f-857f-030eaebbc6cb&pf_rd_i=14284882011,https://www.amazon.com/Savvy-Tech-Creations-note-beta/dp/B06X19C7X6
Calendars & Reminders,,"
		Tamil Panchangam
	","According to Hindu Tamil Calendar called Panchangam, it is best to avoid certain times within a day so you can save yourselves from troubles. for ex, starting a travel during a 'Raghu' kalam is said to bring difficulties reaching the destination and the purpose of travel.","
            by Penny
        ",,"
                                            ""next one""","
                                            ""Alexa ask Tamil Panchangam to start""",https://www.amazon.com/b/ref=s9_acsd_hfnv_hd_bw_bFajuMl_ct_x_ct00_w?_encoding=UTF8&node=14284885011&pf_rd_m=ATVPDKIKX0DER&pf_rd_s=merchandised-search-5&pf_rd_r=VN4TG1FGBYPD3E37P4X5&pf_rd_r=VN4TG1FGBYPD3E37P4X5&pf_rd_t=101&pf_rd_p=09f43a4c-9b53-500f-857f-030eaebbc6cb&pf_rd_p=09f43a4c-9b53-500f-857f-030eaebbc6cb&pf_rd_i=14284882011,https://www.amazon.com/Penny-Tamil-Panchangam/dp/B074376BGS
Calendars & Reminders,1.0 out of 5 stars,"
		Bin Collection
	",I never know which bin is going to be collected this week. Living in Central Bedfordshire with a bi-weekly collection for regular trash or recycling can be tough.,"
            by Placona.co.uk
        ",1,,"
                                            ""Alexa, open bin collection""",https://www.amazon.com/b/ref=s9_acsd_hfnv_hd_bw_bFajuMl_ct_x_ct00_w?_encoding=UTF8&node=14284885011&pf_rd_m=ATVPDKIKX0DER&pf_rd_s=merchandised-search-5&pf_rd_r=VN4TG1FGBYPD3E37P4X5&pf_rd_r=VN4TG1FGBYPD3E37P4X5&pf_rd_t=101&pf_rd_p=09f43a4c-9b53-500f-857f-030eaebbc6cb&pf_rd_p=09f43a4c-9b53-500f-857f-030eaebbc6cb&pf_rd_i=14284882011,https://www.amazon.com/Placona-co-uk-Bin-Collection/dp/B074G1Q3BN
Calendars & Reminders,,"
		IEEE Conference Suggester
	","The following skill is a demonstration of an IEEE conference suggestion engine, for IEEE members wondering about conferences they may attend during the coming months. The engine uses a list of conferences along with their topics and dates in the United States. A user can either search by a specific date, a specific month, a conference topic, or a state that a conference may be in. A user can also combine parameters, just as long as they are not a specific date and a month in one request.","
            by IEEE
        ",,"
                                            ""Alexa, ask i. triple e. conference suggester to show me conferences about p...
    ""","
                                            ""Alexa, ask i. triple e. conference suggester to show me conferences about m...
    """,https://www.amazon.com/b/ref=s9_acsd_hfnv_hd_bw_bFajuMl_ct_x_ct00_w?_encoding=UTF8&node=14284885011&pf_rd_m=ATVPDKIKX0DER&pf_rd_s=merchandised-search-5&pf_rd_r=VN4TG1FGBYPD3E37P4X5&pf_rd_r=VN4TG1FGBYPD3E37P4X5&pf_rd_t=101&pf_rd_p=09f43a4c-9b53-500f-857f-030eaebbc6cb&pf_rd_p=09f43a4c-9b53-500f-857f-030eaebbc6cb&pf_rd_i=14284882011,https://www.amazon.com/IEEE-Conference-Suggester/dp/B0751HDVTT
Calendars & Reminders,,"
		Mathematics Conference Calendar
	","Interested in Mathematics? Wanna know what is happening in Math world. Ask Math conference calendar and attend events to get better understanding! Math is a subject that makes kids either jump for joy or rip their hair out. But, Math is needed for almost every single profession in the world. So, encourage others to participate in conferences.","
            by Foodie
        ",,"
                                            ""Ask math conference calendar to get me events for today""","
                                            ""Alexa, open math conference calendar""",https://www.amazon.com/b/ref=s9_acsd_hfnv_hd_bw_bFajuMl_ct_x_ct00_w?_encoding=UTF8&node=14284885011&pf_rd_m=ATVPDKIKX0DER&pf_rd_s=merchandised-search-5&pf_rd_r=VN4TG1FGBYPD3E37P4X5&pf_rd_r=VN4TG1FGBYPD3E37P4X5&pf_rd_t=101&pf_rd_p=09f43a4c-9b53-500f-857f-030eaebbc6cb&pf_rd_p=09f43a4c-9b53-500f-857f-030eaebbc6cb&pf_rd_i=14284882011,https://www.amazon.com/Foodie-Mathematics-Conference-Calendar/dp/B074D1512L
Calendars & Reminders,,"
		Smithsonian's National Zoo Calendar
	","National Zoo calendar gives you the complete information about the events happening on ""The National Zoological Park"", commonly known as the National Zoo, one of the oldest zoos located at Rock Creek Park in Northwest Washington, D.C., the United States.","
            by Nagen
        ",,"
                                            ""Ask national zoo calendar to get me events for today""","
                                            ""Alexa, open national zoo calendar""",https://www.amazon.com/b/ref=s9_acsd_hfnv_hd_bw_bFajuMl_ct_x_ct00_w?_encoding=UTF8&node=14284885011&pf_rd_m=ATVPDKIKX0DER&pf_rd_s=merchandised-search-5&pf_rd_r=VN4TG1FGBYPD3E37P4X5&pf_rd_r=VN4TG1FGBYPD3E37P4X5&pf_rd_t=101&pf_rd_p=09f43a4c-9b53-500f-857f-030eaebbc6cb&pf_rd_p=09f43a4c-9b53-500f-857f-030eaebbc6cb&pf_rd_i=14284882011,https://www.amazon.com/Nagen-Smithsonians-National-Zoo-Calendar/dp/B0749GX6J6
Calendars & Reminders,5.0 out of 5 stars,"
		Bah' Calendar
	",A simple skill to query the Bah' calendar.,"
            by oliver.oxenham
        ",4,"
                                            ""Alexa, ask bahai calendar what day it is today""","
                                            ""Alexa, ask bahai calendar for the next feast date""",https://www.amazon.com/b/ref=s9_acsd_hfnv_hd_bw_bFajuMl_ct_x_ct00_w?_encoding=UTF8&node=14284885011&pf_rd_m=ATVPDKIKX0DER&pf_rd_s=merchandised-search-5&pf_rd_r=VN4TG1FGBYPD3E37P4X5&pf_rd_r=VN4TG1FGBYPD3E37P4X5&pf_rd_t=101&pf_rd_p=09f43a4c-9b53-500f-857f-030eaebbc6cb&pf_rd_p=09f43a4c-9b53-500f-857f-030eaebbc6cb&pf_rd_i=14284882011,https://www.amazon.com/oliver-oxenham-Bah%C3%A1%C3%AD-Calendar/dp/B01MT33HJY
Calendars & Reminders,2.6 out of 5 stars,"
		How Many Days
	",Ever wondered how many days between two dates? Get Alexa to calculate this for you!,"
            by 3LayerBelly
        ",11,"
                                            ""Alexa, ask How Many Days between Feb 22nd 2002 and June 4th 2017""","
                                            ""Alexa, ask How Many Days until Christmas?""",https://www.amazon.com/b/ref=s9_acsd_hfnv_hd_bw_bFajuMl_ct_x_ct00_w?_encoding=UTF8&node=14284885011&pf_rd_m=ATVPDKIKX0DER&pf_rd_s=merchandised-search-5&pf_rd_r=VN4TG1FGBYPD3E37P4X5&pf_rd_r=VN4TG1FGBYPD3E37P4X5&pf_rd_t=101&pf_rd_p=09f43a4c-9b53-500f-857f-030eaebbc6cb&pf_rd_p=09f43a4c-9b53-500f-857f-030eaebbc6cb&pf_rd_i=14284882011,https://www.amazon.com/3LayerBelly-How-Many-Days/dp/B01MTFOLE4
Calendars & Reminders,1.0 out of 5 stars,"
		space calendar
	",This calendar is based off of the launch schedule that can be found on the NASA website. It contains all the things listed for the next year.,"
            by Sang
        ",1,"
                                            ""what is happening on July 29th""","
                                            ""Alexa, open space calendar""",https://www.amazon.com/b/ref=s9_acsd_hfnv_hd_bw_bFajuMl_ct_x_ct00_w?_encoding=UTF8&node=14284885011&pf_rd_m=ATVPDKIKX0DER&pf_rd_s=merchandised-search-5&pf_rd_r=VN4TG1FGBYPD3E37P4X5&pf_rd_r=VN4TG1FGBYPD3E37P4X5&pf_rd_t=101&pf_rd_p=09f43a4c-9b53-500f-857f-030eaebbc6cb&pf_rd_p=09f43a4c-9b53-500f-857f-030eaebbc6cb&pf_rd_i=14284882011,https://www.amazon.com/Sang-space-calendar/dp/B0746349HV
